adminCode,sidoCode,sidoName,sigunguCode,sigunguName,emdCode,emdName,minLat,maxLat,minLng,maxLng,centerLat,centerLng
11010530,11,서울특별시,010,종로구,530,사직동,37.546690,37.554690,126.949933,126.957933,37.550690,126.953933
11010540,11,서울특별시,010,종로구,540,삼청동,37.543275,37.551275,126.961358,126.969358,37.547275,126.965358
11010550,11,서울특별시,010,종로구,550,부암동,37.546779,37.554779,126.971016,126.979016,37.550779,126.975016
11010560,11,서울특별시,010,종로구,560,평창동,37.542789,37.550789,126.979123,126.987123,37.546789,126.983123
11010570,11,서울특별시,010,종로구,570,무악동,37.544464,37.552464,126.988135,126.996135,37.548464,126.992135
11010580,11,서울특별시,010,종로구,580,교남동,37.552680,37.560680,126.951903,126.959903,37.556680,126.955903
11010600,11,서울특별시,010,종로구,600,가회동,37.556720,37.564720,126.961781,126.969781,37.560720,126.965781
11010610,11,서울특별시,010,종로구,610,종로1·2·3·4가동,37.555438,37.563438,126.971905,126.979905,37.559438,126.975905
11010630,11,서울특별시,010,종로구,630,종로5·6가동,37.553495,37.561495,126.979298,126.987298,37.557495,126.983298
11010640,11,서울특별시,010,종로구,640,이화동,37.555732,37.563732,126.987881,126.995881,37.559732,126.991881
11010670,11,서울특별시,010,종로구,670,창신1동,37.563414,37.571414,126.951096,126.959096,37.567414,126.955096
11010680,11,서울특별시,010,종로구,680,창신2동,37.563572,37.571572,126.959801,126.967801,37.567572,126.963801
11010690,11,서울특별시,010,종로구,690,창신3동,37.565855,37.573855,126.968301,126.976301,37.569855,126.972301
11010700,11,서울특별시,010,종로구,700,숭인1동,37.564432,37.572432,126.978923,126.986923,37.568432,126.982923
11010710,11,서울특별시,010,종로구,710,숭인2동,37.563472,37.571472,126.989383,126.997383,37.567472,126.993383
11010720,11,서울특별시,010,종로구,720,청운효자동,37.572909,37.580909,126.951947,126.959947,37.576909,126.955947
11010730,11,서울특별시,010,종로구,730,혜화동,37.575738,37.583738,126.961317,126.969317,37.579738,126.965317
11020520,11,서울특별시,020,중구,520,소공동,37.540678,37.548678,126.972404,126.980404,37.544678,126.976404
11020540,11,서울특별시,020,중구,540,회현동,37.538071,37.546071,126.984550,126.992550,37.542071,126.988550
11020550,11,서울특별시,020,중구,550,명동,37.541275,37.549275,126.994952,127.002952,37.545275,126.998952
11020570,11,서울특별시,020,중구,570,필동,37.541557,37.549557,127.006094,127.014094,37.545557,127.010094
11020580,11,서울특별시,020,중구,580,장충동,37.550512,37.558512,126.974106,126.982106,37.554512,126.978106
11020590,11,서울특별시,020,중구,590,광희동,37.550057,37.558057,126.982101,126.990101,37.554057,126.986101
11020600,11,서울특별시,020,중구,600,을지로동,37.551469,37.559469,126.994776,127.002776,37.555469,126.998776
11020650,11,서울특별시,020,중구,650,신당5동,37.550870,37.558870,127.001645,127.009645,37.554870,127.005645
11020670,11,서울특별시,020,중구,670,황학동,37.559457,37.567457,126.973166,126.981166,37.563457,126.977166
11020680,11,서울특별시,020,중구,680,중림동,37.561372,37.569372,126.982076,126.990076,37.565372,126.986076
11020690,11,서울특별시,020,중구,690,신당동,37.558268,37.566268,126.994665,127.002665,37.562268,126.998665
11020700,11,서울특별시,020,중구,700,다산동,37.560408,37.568408,127.001952,127.009952,37.564408,127.005952
11020710,11,서울특별시,020,중구,710,약수동,37.570598,37.578598,126.972939,126.980939,37.574598,126.976939
11020720,11,서울특별시,020,중구,720,청구동,37.570314,37.578314,126.983417,126.991417,37.574314,126.987417
11020730,11,서울특별시,020,중구,730,동화동,37.568243,37.576243,126.993351,127.001351,37.572243,126.997351
11030510,11,서울특별시,030,용산구,510,후암동,37.501107,37.511107,126.961842,126.971842,37.506107,126.966842
11030520,11,서울특별시,030,용산구,520,용산2가동,37.503390,37.513390,126.971414,126.981414,37.508390,126.976414
11030530,11,서울특별시,030,용산구,530,남영동,37.504751,37.514751,126.984283,126.994283,37.509751,126.989283
11030570,11,서울특별시,030,용산구,570,원효로2동,37.504044,37.514044,127.000121,127.010121,37.509044,127.005121
11030580,11,서울특별시,030,용산구,580,효창동,37.515606,37.525606,126.961286,126.971286,37.520606,126.966286
11030590,11,서울특별시,030,용산구,590,용문동,37.514681,37.524681,126.973404,126.983404,37.519681,126.978404
11030630,11,서울특별시,030,용산구,630,이촌1동,37.516189,37.526189,126.986580,126.996580,37.521189,126.991580
11030640,11,서울특별시,030,용산구,640,이촌2동,37.514093,37.524093,126.998276,127.008276,37.519093,127.003276
11030650,11,서울특별시,030,용산구,650,이태원1동,37.526816,37.536816,126.962277,126.972277,37.531816,126.967277
11030660,11,서울특별시,030,용산구,660,이태원2동,37.526971,37.536971,126.971267,126.981267,37.531971,126.976267
11030690,11,서울특별시,030,용산구,690,서빙고동,37.525839,37.535839,126.983103,126.993103,37.530839,126.988103
11030700,11,서울특별시,030,용산구,700,보광동,37.525773,37.535773,126.998076,127.008076,37.530773,127.003076
11030710,11,서울특별시,030,용산구,710,청파동,37.540875,37.550875,126.958589,126.968589,37.545875,126.963589
11030720,11,서울특별시,030,용산구,720,원효로1동,37.537468,37.547468,126.972328,126.982328,37.542468,126.977328
11030730,11,서울특별시,030,용산구,730,한강로동,37.538807,37.548807,126.985625,126.995625,37.543807,126.990625
11030740,11,서울특별시,030,용산구,740,한남동,37.537771,37.547771,126.997788,127.007788,37.542771,127.002788
11040520,11,서울특별시,040,성동구,520,왕십리2동,37.515522,37.525122,127.005894,127.015494,37.520322,127.010694
11040540,11,서울특별시,040,성동구,540,마장동,37.514844,37.524444,127.017525,127.027125,37.519644,127.022325
11040550,11,서울특별시,040,성동구,550,사근동,37.518031,37.527631,127.031598,127.041198,37.522831,127.036398
11040560,11,서울특별시,040,성동구,560,행당1동,37.517004,37.526604,127.042039,127.051639,37.521804,127.046839
11040570,11,서울특별시,040,성동구,570,행당2동,37.513814,37.523414,127.053477,127.063077,37.518614,127.058277
11040580,11,서울특별시,040,성동구,580,응봉동,37.526696,37.536296,127.004914,127.014514,37.531496,127.009714
11040590,11,서울특별시,040,성동구,590,금호1가동,37.529831,37.539431,127.020338,127.029938,37.534631,127.025138
11040620,11,서울특별시,040,성동구,620,금호4가동,37.529591,37.539191,127.031360,127.040960,37.534391,127.036160
11040650,11,서울특별시,040,성동구,650,성수1가1동,37.528702,37.538302,127.040756,127.050356,37.533502,127.045556
11040660,11,서울특별시,040,성동구,660,성수1가2동,37.528568,37.538168,127.055611,127.065211,37.533368,127.060411
11040670,11,서울특별시,040,성동구,670,성수2가1동,37.537966,37.547566,127.004921,127.014521,37.542766,127.009721
11040680,11,서울특별시,040,성동구,680,성수2가3동,37.540342,37.549942,127.019967,127.029567,37.545142,127.024767
11040690,11,서울특별시,040,성동구,690,송정동,37.538567,37.548167,127.031422,127.041022,37.543367,127.036222
11040700,11,서울특별시,040,성동구,700,용답동,37.541080,37.550680,127.043466,127.053066,37.545880,127.048266
11040710,11,서울특별시,040,성동구,710,왕십리도선동,37.538584,37.548184,127.055906,127.065506,37.543384,127.060706
11040720,11,서울특별시,040,성동구,720,금호2·3가동,37.550080,37.559680,127.008706,127.018306,37.554880,127.013506
11040730,11,서울특별시,040,성동구,730,옥수동,37.550820,37.560420,127.016265,127.025865,37.555620,127.021065
11050530,11,서울특별시,050,광진구,530,화양동,37.506835,37.516835,127.050963,127.060963,37.511835,127.055963
11050540,11,서울특별시,050,광진구,540,군자동,37.511125,37.521125,127.065870,127.075870,37.516125,127.070870
11050550,11,서울특별시,050,광진구,550,중곡1동,37.508828,37.518828,127.077241,127.087241,37.513828,127.082241
11050560,11,서울특별시,050,광진구,560,중곡2동,37.509024,37.519024,127.090471,127.100471,37.514024,127.095471
11050570,11,서울특별시,050,광진구,570,중곡3동,37.519499,37.529499,127.054528,127.064528,37.524499,127.059528
11050580,11,서울특별시,050,광진구,580,중곡4동,37.522852,37.532852,127.062997,127.072997,37.527852,127.067997
11050590,11,서울특별시,050,광진구,590,능동,37.518853,37.528853,127.078221,127.088221,37.523853,127.083221
11050600,11,서울특별시,050,광진구,600,구의1동,37.522213,37.532213,127.091298,127.101298,37.527213,127.096298
11050610,11,서울특별시,050,광진구,610,구의2동,37.533265,37.543265,127.052654,127.062654,37.538265,127.057654
11050620,11,서울특별시,050,광진구,620,구의3동,37.533371,37.543371,127.062812,127.072812,37.538371,127.067812
11050630,11,서울특별시,050,광진구,630,광장동,37.534372,37.544372,127.075051,127.085051,37.539372,127.080051
11050640,11,서울특별시,050,광진구,640,자양1동,37.534639,37.544639,127.091685,127.101685,37.539639,127.096685
11050650,11,서울특별시,050,광진구,650,자양2동,37.545299,37.555299,127.051422,127.061422,37.550299,127.056422
11050660,11,서울특별시,050,광진구,660,자양3동,37.547669,37.557669,127.065618,127.075618,37.552669,127.070618
11050670,11,서울특별시,050,광진구,670,자양4동,37.544791,37.554791,127.075476,127.085476,37.549791,127.080476
11060710,11,서울특별시,060,동대문구,710,회기동,37.543322,37.553322,127.008441,127.018441,37.548322,127.013441
11060720,11,서울특별시,060,동대문구,720,휘경1동,37.545843,37.555843,127.023577,127.033577,37.550843,127.028577
11060730,11,서울특별시,060,동대문구,730,휘경2동,37.546283,37.556283,127.035967,127.045967,37.551283,127.040967
11060800,11,서울특별시,060,동대문구,800,청량리동,37.546712,37.556712,127.046851,127.056851,37.551712,127.051851
11060810,11,서울특별시,060,동대문구,810,용신동,37.557700,37.567700,127.008388,127.018388,37.562700,127.013388
11060820,11,서울특별시,060,동대문구,820,제기동,37.555368,37.565368,127.021758,127.031758,37.560368,127.026758
11060830,11,서울특별시,060,동대문구,830,전농1동,37.556093,37.566093,127.033251,127.043251,37.561093,127.038251
11060840,11,서울특별시,060,동대문구,840,전농2동,37.555865,37.565865,127.046838,127.056838,37.560865,127.051838
11060860,11,서울특별시,060,동대문구,860,답십리2동,37.568381,37.578381,127.008719,127.018719,37.573381,127.013719
11060870,11,서울특별시,060,동대문구,870,장안1동,37.568980,37.578980,127.023865,127.033865,37.573980,127.028865
11060880,11,서울특별시,060,동대문구,880,장안2동,37.569012,37.579012,127.033927,127.043927,37.574012,127.038927
11060890,11,서울특별시,060,동대문구,890,이문1동,37.571401,37.581401,127.045760,127.055760,37.576401,127.050760
11060900,11,서울특별시,060,동대문구,900,이문2동,37.579412,37.589412,127.009161,127.019161,37.584412,127.014161
11060910,11,서울특별시,060,동대문구,910,답십리1동,37.580541,37.590541,127.019824,127.029824,37.585541,127.024824
11070520,11,서울특별시,070,중랑구,520,면목2동,37.572343,37.584343,127.055346,127.067346,37.578343,127.061346
11070540,11,서울특별시,070,중랑구,540,면목4동,37.567911,37.579911,127.073341,127.085341,37.573911,127.079341
11070550,11,서울특별시,070,중랑구,550,면목5동,37.570155,37.582155,127.088663,127.100663,37.576155,127.094663
11070570,11,서울특별시,070,중랑구,570,면목7동,37.571719,37.583719,127.101945,127.113945,37.577719,127.107945
11070590,11,서울특별시,070,중랑구,590,상봉1동,37.584146,37.596146,127.058837,127.070837,37.590146,127.064837
11070600,11,서울특별시,070,중랑구,600,상봉2동,37.585623,37.597623,127.073706,127.085706,37.591623,127.079706
11070610,11,서울특별시,070,중랑구,610,중화1동,37.583110,37.595110,127.084321,127.096321,37.589110,127.090321
11070620,11,서울특별시,070,중랑구,620,중화2동,37.586185,37.598185,127.103442,127.115442,37.592185,127.109442
11070640,11,서울특별시,070,중랑구,640,묵1동,37.601780,37.613780,127.055334,127.067334,37.607780,127.061334
11070650,11,서울특별시,070,중랑구,650,묵2동,37.602211,37.614211,127.073136,127.085136,37.608211,127.079136
11070680,11,서울특별시,070,중랑구,680,망우3동,37.601263,37.613263,127.084792,127.096792,37.607263,127.090792
11070690,11,서울특별시,070,중랑구,690,신내1동,37.598969,37.610969,127.103453,127.115453,37.604969,127.109453
11070700,11,서울특별시,070,중랑구,700,신내2동,37.613685,37.625685,127.058480,127.070480,37.619685,127.064480
11070710,11,서울특별시,070,중랑구,710,면목본동,37.617735,37.629735,127.070213,127.082213,37.623735,127.076213
11070720,11,서울특별시,070,중랑구,720,면목3·8동,37.614487,37.626487,127.084380,127.096380,37.620487,127.090380
11070730,11,서울특별시,070,중랑구,730,망우본동,37.614647,37.626647,127.100476,127.112476,37.620647,127.106476
11080580,11,서울특별시,080,성북구,580,돈암1동,37.555379,37.564979,126.980032,126.989632,37.560179,126.984832
11080590,11,서울특별시,080,성북구,590,돈암2동,37.554526,37.564126,126.995048,127.004648,37.559326,126.999848
11080600,11,서울특별시,080,성북구,600,안암동,37.553377,37.562977,127.004284,127.013884,37.558177,127.009084
11080610,11,서울특별시,080,성북구,610,보문동,37.554527,37.564127,127.018458,127.028058,37.559327,127.023258
11080620,11,서울특별시,080,성북구,620,정릉1동,37.554230,37.563830,127.027468,127.037068,37.559030,127.032268
11080630,11,서울특별시,080,성북구,630,정릉2동,37.565219,37.574819,126.982497,126.992097,37.570019,126.987297
11080640,11,서울특별시,080,성북구,640,정릉3동,37.567333,37.576933,126.991457,127.001057,37.572133,126.996257
11080650,11,서울특별시,080,성북구,650,정릉4동,37.565192,37.574792,127.006801,127.016401,37.569992,127.011601
11080660,11,서울특별시,080,성북구,660,길음1동,37.566891,37.576491,127.016654,127.026254,37.571691,127.021454
11080680,11,서울특별시,080,성북구,680,길음2동,37.566734,37.576334,127.029977,127.039577,37.571534,127.034777
11080710,11,서울특별시,080,성북구,710,월곡1동,37.579741,37.589341,126.982062,126.991662,37.584541,126.986862
11080720,11,서울특별시,080,성북구,720,월곡2동,37.579933,37.589533,126.995784,127.005384,37.584733,127.000584
11080760,11,서울특별시,080,성북구,760,장위1동,37.579996,37.589596,127.007366,127.016966,37.584796,127.012166
11080770,11,서울특별시,080,성북구,770,장위2동,37.578808,37.588408,127.016447,127.026047,37.583608,127.021247
11080780,11,서울특별시,080,성북구,780,장위3동,37.578532,37.588132,127.031236,127.040836,37.583332,127.036036
11080810,11,서울특별시,080,성북구,810,성북동,37.590121,37.599721,126.983445,126.993045,37.594921,126.988245
11080820,11,서울특별시,080,성북구,820,삼선동,37.590045,37.599645,126.992578,127.002178,37.594845,126.997378
11080830,11,서울특별시,080,성북구,830,동선동,37.589868,37.599468,127.003993,127.013593,37.594668,127.008793
11080840,11,서울특별시,080,성북구,840,종암동,37.591228,37.600828,127.018485,127.028085,37.596028,127.023285
11080850,11,서울특별시,080,성북구,850,석관동,37.591015,37.600615,127.031376,127.040976,37.595815,127.036176
11090600,11,서울특별시,090,강북구,600,번1동,37.605099,37.615099,126.995408,127.005408,37.610099,127.000408
11090610,11,서울특별시,090,강북구,610,번2동,37.607106,37.617106,127.008274,127.018274,37.612106,127.013274
11090620,11,서울특별시,090,강북구,620,번3동,37.605529,37.615529,127.021371,127.031371,37.610529,127.026371
11090630,11,서울특별시,090,강북구,630,수유1동,37.606539,37.616539,127.032443,127.042443,37.611539,127.037443
11090640,11,서울특별시,090,강북구,640,수유2동,37.618518,37.628518,126.993916,127.003916,37.623518,126.998916
11090650,11,서울특별시,090,강북구,650,수유3동,37.617990,37.627990,127.009799,127.019799,37.622990,127.014799
11090690,11,서울특별시,090,강북구,690,삼양동,37.620569,37.630569,127.021657,127.031657,37.625569,127.026657
11090700,11,서울특별시,090,강북구,700,미아동,37.619444,37.629444,127.034310,127.044310,37.624444,127.039310
11090710,11,서울특별시,090,강북구,710,송중동,37.630024,37.640024,126.995984,127.005984,37.635024,127.000984
11090720,11,서울특별시,090,강북구,720,송천동,37.630989,37.640989,127.009165,127.019165,37.635989,127.014165
11090730,11,서울특별시,090,강북구,730,삼각산동,37.630618,37.640618,127.018195,127.028195,37.635618,127.023195
11090740,11,서울특별시,090,강북구,740,우이동,37.631512,37.641512,127.030808,127.040808,37.636512,127.035808
11090750,11,서울특별시,090,강북구,750,인수동,37.642655,37.652655,126.997636,127.007636,37.647655,127.002636
11100510,11,서울특별시,100,도봉구,510,쌍문1동,37.638608,37.648608,127.017616,127.027616,37.643608,127.022616
11100520,11,서울특별시,100,도봉구,520,쌍문2동,37.640922,37.650922,127.031133,127.041133,37.645922,127.036133
11100530,11,서울특별시,100,도봉구,530,쌍문3동,37.637251,37.647251,127.041141,127.051141,37.642251,127.046141
11100540,11,서울특별시,100,도봉구,540,쌍문4동,37.636534,37.646534,127.053602,127.063602,37.641534,127.058602
11100550,11,서울특별시,100,도봉구,550,방학1동,37.649777,37.659777,127.018729,127.028729,37.654777,127.023729
11100560,11,서울특별시,100,도봉구,560,방학2동,37.651476,37.661476,127.028111,127.038111,37.656476,127.033111
11100570,11,서울특별시,100,도봉구,570,방학3동,37.649711,37.659711,127.040307,127.050307,37.654711,127.045307
11100590,11,서울특별시,100,도봉구,590,창1동,37.649003,37.659003,127.057037,127.067037,37.654003,127.062037
11100600,11,서울특별시,100,도봉구,600,창2동,37.663309,37.673309,127.015015,127.025015,37.668309,127.020015
11100610,11,서울특별시,100,도봉구,610,창3동,37.666227,37.676227,127.030543,127.040543,37.671227,127.035543
11100620,11,서울특별시,100,도봉구,620,창4동,37.661488,37.671488,127.043255,127.053255,37.666488,127.048255
11100630,11,서울특별시,100,도봉구,630,창5동,37.663988,37.673988,127.053199,127.063199,37.668988,127.058199
11100640,11,서울특별시,100,도봉구,640,도봉1동,37.674668,37.684668,127.019388,127.029388,37.679668,127.024388
11100650,11,서울특별시,100,도봉구,650,도봉2동,37.674830,37.684830,127.031702,127.041702,37.679830,127.036702
11110510,11,서울특별시,110,노원구,510,월계1동,37.615484,37.626684,127.015672,127.026872,37.621084,127.021272
11110520,11,서울특별시,110,노원구,520,월계2동,37.612593,37.623793,127.028613,127.039813,37.618193,127.034213
11110530,11,서울특별시,110,노원구,530,월계3동,37.615446,37.626646,127.044272,127.055472,37.621046,127.049872
11110560,11,서울특별시,110,노원구,560,공릉2동,37.612790,37.623990,127.059206,127.070406,37.618390,127.064806
11110580,11,서울특별시,110,노원구,580,하계1동,37.615172,37.626372,127.071094,127.082294,37.620772,127.076694
11110590,11,서울특별시,110,노원구,590,하계2동,37.626863,37.638063,127.014010,127.025210,37.632463,127.019610
11110600,11,서울특별시,110,노원구,600,중계본동,37.629934,37.641134,127.029675,127.040875,37.635534,127.035275
11110610,11,서울특별시,110,노원구,610,중계1동,37.627326,37.638526,127.044254,127.055454,37.632926,127.049854
11110640,11,서울특별시,110,노원구,640,중계4동,37.625491,37.636691,127.056205,127.067405,37.631091,127.061805
11110650,11,서울특별시,110,노원구,650,상계1동,37.628989,37.640189,127.070611,127.081811,37.634589,127.076211
11110660,11,서울특별시,110,노원구,660,상계2동,37.641266,37.652466,127.014957,127.026157,37.646866,127.020557
11110690,11,서울특별시,110,노원구,690,상계5동,37.640443,37.651643,127.028085,127.039285,37.646043,127.033685
11110720,11,서울특별시,110,노원구,720,상계8동,37.639290,37.650490,127.043206,127.054406,37.644890,127.048806
11110730,11,서울특별시,110,노원구,730,상계9동,37.642286,37.653486,127.056600,127.067800,37.647886,127.062200
11110740,11,서울특별시,110,노원구,740,상계10동,37.639544,37.650744,127.071943,127.083143,37.645144,127.077543
11110760,11,서울특별시,110,노원구,760,상계3·4동,37.656907,37.668107,127.013811,127.025011,37.662507,127.019411
11110770,11,서울특별시,110,노원구,770,상계6·7동,37.653385,37.664585,127.032133,127.043333,37.658985,127.037733
11110780,11,서울특별시,110,노원구,780,중계2·3동,37.655136,37.666336,127.042376,127.053576,37.660736,127.047976
11110790,11,서울특별시,110,노원구,790,공릉1동,37.653470,37.664670,127.058974,127.070174,37.659070,127.064574
11120510,11,서울특별시,120,은평구,510,녹번동,37.577704,37.591704,126.881074,126.895074,37.584704,126.888074
11120520,11,서울특별시,120,은평구,520,불광1동,37.575522,37.589522,126.897783,126.911783,37.582522,126.904783
11120550,11,서울특별시,120,은평구,550,갈현1동,37.574781,37.588781,126.914070,126.928070,37.581781,126.921070
11120560,11,서울특별시,120,은평구,560,갈현2동,37.575666,37.589666,126.935461,126.949461,37.582666,126.942461
11120570,11,서울특별시,120,은평구,570,구산동,37.592156,37.606156,126.879855,126.893855,37.599156,126.886855
11120580,11,서울특별시,120,은평구,580,대조동,37.592390,37.606390,126.898954,126.912954,37.599390,126.905954
11120590,11,서울특별시,120,은평구,590,응암1동,37.594190,37.608190,126.914506,126.928506,37.601190,126.921506
11120600,11,서울특별시,120,은평구,600,응암2동,37.595087,37.609087,126.932739,126.946739,37.602087,126.939739
11120650,11,서울특별시,120,은평구,650,신사1동,37.611052,37.625052,126.880637,126.894637,37.618052,126.887637
11120660,11,서울특별시,120,은평구,660,신사2동,37.609939,37.623939,126.898012,126.912012,37.616939,126.905012
11120670,11,서울특별시,120,은평구,670,증산동,37.610088,37.624088,126.915655,126.929655,37.617088,126.922655
11120680,11,서울특별시,120,은평구,680,수색동,37.611349,37.625349,126.932182,126.946182,37.618349,126.939182
11120710,11,서울특별시,120,은평구,710,진관동,37.627785,37.641785,126.880966,126.894966,37.634785,126.887966
11120720,11,서울특별시,120,은평구,720,불광2동,37.626573,37.640573,126.898651,126.912651,37.633573,126.905651
11120730,11,서울특별시,120,은평구,730,응암3동,37.630395,37.644395,126.913281,126.927281,37.637395,126.920281
11120740,11,서울특별시,120,은평구,740,역촌동,37.627230,37.641230,126.930713,126.944713,37.634230,126.937713
11130520,11,서울특별시,130,서대문구,520,천연동,37.548808,37.558808,126.907136,126.917136,37.553808,126.912136
11130620,11,서울특별시,130,서대문구,620,홍제1동,37.550053,37.560053,126.921789,126.931789,37.555053,126.926789
11130640,11,서울특별시,130,서대문구,640,홍제3동,37.548018,37.558018,126.930770,126.940770,37.553018,126.935770
11130650,11,서울특별시,130,서대문구,650,홍제2동,37.547523,37.557523,126.944483,126.954483,37.552523,126.949483
11130660,11,서울특별시,130,서대문구,660,홍은1동,37.562367,37.572367,126.906494,126.916494,37.567367,126.911494
11130680,11,서울특별시,130,서대문구,680,홍은2동,37.561952,37.571952,126.921651,126.931651,37.566952,126.926651
11130690,11,서울특별시,130,서대문구,690,남가좌1동,37.562311,37.572311,126.931096,126.941096,37.567311,126.936096
11130700,11,서울특별시,130,서대문구,700,남가좌2동,37.561837,37.571837,126.944943,126.954943,37.566837,126.949943
11130710,11,서울특별시,130,서대문구,710,북가좌1동,37.575707,37.585707,126.907523,126.917523,37.580707,126.912523
11130720,11,서울특별시,130,서대문구,720,북가좌2동,37.574818,37.584818,126.921496,126.931496,37.579818,126.926496
11130730,11,서울특별시,130,서대문구,730,충현동,37.574554,37.584554,126.931959,126.941959,37.579554,126.936959
11130740,11,서울특별시,130,서대문구,740,북아현동,37.572383,37.582383,126.946328,126.956328,37.577383,126.951328
11130750,11,서울특별시,130,서대문구,750,신촌동,37.584894,37.594894,126.904814,126.914814,37.589894,126.909814
11130760,11,서울특별시,130,서대문구,760,연희동,37.584456,37.594456,126.916904,126.926904,37.589456,126.921904
11140590,11,서울특별시,140,마포구,590,용강동,37.532031,37.544031,126.863238,126.875238,37.538031,126.869238
11140600,11,서울특별시,140,마포구,600,대흥동,37.528187,37.540187,126.881799,126.893799,37.534187,126.887799
11140610,11,서울특별시,140,마포구,610,염리동,37.528077,37.540077,126.897802,126.909802,37.534077,126.903802
11140630,11,서울특별시,140,마포구,630,신수동,37.530402,37.542402,126.908409,126.920409,37.536402,126.914409
11140660,11,서울특별시,140,마포구,660,서교동,37.544941,37.556941,126.866867,126.878867,37.550941,126.872867
11140680,11,서울특별시,140,마포구,680,합정동,37.547653,37.559653,126.880167,126.892167,37.553653,126.886167
11140690,11,서울특별시,140,마포구,690,망원1동,37.547665,37.559665,126.893969,126.905969,37.553665,126.899969
11140700,11,서울특별시,140,마포구,700,망원2동,37.547413,37.559413,126.912506,126.924506,37.553413,126.918506
11140710,11,서울특별시,140,마포구,710,연남동,37.561057,37.573057,126.866369,126.878369,37.567057,126.872369
11140720,11,서울특별시,140,마포구,720,성산1동,37.560983,37.572983,126.879094,126.891094,37.566983,126.885094
11140730,11,서울특별시,140,마포구,730,성산2동,37.561404,37.573404,126.893937,126.905937,37.567404,126.899937
11140740,11,서울특별시,140,마포구,740,상암동,37.560048,37.572048,126.908504,126.920504,37.566048,126.914504
11140750,11,서울특별시,140,마포구,750,도화동,37.573075,37.585075,126.867341,126.879341,37.579075,126.873341
11140760,11,서울특별시,140,마포구,760,서강동,37.574370,37.586370,126.881739,126.893739,37.580370,126.887739
11140770,11,서울특별시,140,마포구,770,공덕동,37.574840,37.586840,126.898080,126.910080,37.580840,126.904080
11140780,11,서울특별시,140,마포구,780,아현동,37.576524,37.588524,126.911603,126.923603,37.582524,126.917603
11150510,11,서울특별시,150,양천구,510,목1동,37.482051,37.491651,126.831479,126.841079,37.486851,126.836279
11150520,11,서울특별시,150,양천구,520,목2동,37.484567,37.494167,126.842544,126.852144,37.489367,126.847344
11150530,11,서울특별시,150,양천구,530,목3동,37.481807,37.491407,126.858079,126.867679,37.486607,126.862879
11150540,11,서울특별시,150,양천구,540,목4동,37.482294,37.491894,126.866161,126.875761,37.487094,126.870961
11150570,11,서울특별시,150,양천구,570,신월1동,37.482085,37.491685,126.881800,126.891400,37.486885,126.886600
11150580,11,서울특별시,150,양천구,580,신월2동,37.495807,37.505407,126.829759,126.839359,37.500607,126.834559
11150590,11,서울특별시,150,양천구,590,신월3동,37.491717,37.501317,126.845934,126.855534,37.496517,126.850734
11150600,11,서울특별시,150,양천구,600,신월4동,37.494643,37.504243,126.855361,126.864961,37.499443,126.860161
11150610,11,서울특별시,150,양천구,610,신월5동,37.493865,37.503465,126.865335,126.874935,37.498665,126.870135
11150620,11,서울특별시,150,양천구,620,신월6동,37.495078,37.504678,126.882085,126.891685,37.499878,126.886885
11150630,11,서울특별시,150,양천구,630,신월7동,37.504244,37.513844,126.831920,126.841520,37.509044,126.836720
11150640,11,서울특별시,150,양천구,640,신정1동,37.507029,37.516629,126.843718,126.853318,37.511829,126.848518
11150650,11,서울특별시,150,양천구,650,신정2동,37.506329,37.515929,126.853566,126.863166,37.511129,126.858366
11150660,11,서울특별시,150,양천구,660,신정3동,37.504510,37.514110,126.869381,126.878981,37.509310,126.874181
11150690,11,서울특별시,150,양천구,690,신정6동,37.507783,37.517383,126.878221,126.887821,37.512583,126.883021
11150700,11,서울특별시,150,양천구,700,신정7동,37.517891,37.527491,126.830489,126.840089,37.522691,126.835289
11150710,11,서울특별시,150,양천구,710,목5동,37.518290,37.527890,126.841799,126.851399,37.523090,126.846599
11150720,11,서울특별시,150,양천구,720,신정4동,37.516966,37.526566,126.856504,126.866104,37.521766,126.861304
11160510,11,서울특별시,160,강서구,510,염창동,37.502651,37.515451,126.803604,126.816404,37.509051,126.810004
11160520,11,서울특별시,160,강서구,520,등촌1동,37.502695,37.515495,126.819212,126.832012,37.509095,126.825612
11160530,11,서울특별시,160,강서구,530,등촌2동,37.506855,37.519655,126.835332,126.848132,37.513255,126.841732
11160540,11,서울특별시,160,강서구,540,등촌3동,37.506220,37.519020,126.852317,126.865117,37.512620,126.858717
11160550,11,서울특별시,160,강서구,550,화곡본동,37.503870,37.516670,126.868017,126.880817,37.510270,126.874417
11160570,11,서울특별시,160,강서구,570,화곡2동,37.521546,37.534346,126.804079,126.816879,37.527946,126.810479
11160580,11,서울특별시,160,강서구,580,화곡3동,37.519912,37.532712,126.820230,126.833030,37.526312,126.826630
11160590,11,서울특별시,160,강서구,590,화곡4동,37.520738,37.533538,126.836966,126.849766,37.527138,126.843366
11160610,11,서울특별시,160,강서구,610,화곡6동,37.519735,37.532535,126.852212,126.865012,37.526135,126.858612
11160630,11,서울특별시,160,강서구,630,화곡8동,37.519617,37.532417,126.866716,126.879516,37.526017,126.873116
11160650,11,서울특별시,160,강서구,650,가양2동,37.537748,37.550548,126.803916,126.816716,37.544148,126.810316
11160660,11,서울특별시,160,강서구,660,가양3동,37.536411,37.549211,126.821026,126.833826,37.542811,126.827426
11160670,11,서울특별시,160,강서구,670,발산1동,37.534655,37.547455,126.836019,126.848819,37.541055,126.842419
11160690,11,서울특별시,160,강서구,690,공항동,37.538528,37.551328,126.850593,126.863393,37.544928,126.856993
11160700,11,서울특별시,160,강서구,700,방화1동,37.534946,37.547746,126.865454,126.878254,37.541346,126.871854
11160710,11,서울특별시,160,강서구,710,방화2동,37.553701,37.566501,126.801436,126.814236,37.560101,126.807836
11160730,11,서울특별시,160,강서구,730,화곡1동,37.552211,37.565011,126.820779,126.833579,37.558611,126.827179
11160740,11,서울특별시,160,강서구,740,우장산동,37.550558,37.563358,126.833028,126.845828,37.556958,126.839428
11160751,11,서울특별시,160,강서구,751,가양1동,37.554013,37.566813,126.849758,126.862558,37.560413,126.856158
11160761,11,서울특별시,160,강서구,761,방화3동,37.553237,37.566037,126.868494,126.881294,37.559637,126.874894
11170510,11,서울특별시,170,구로구,510,신도림동,37.464076,37.474076,126.854992,126.864992,37.469076,126.859992
11170520,11,서울특별시,170,구로구,520,구로1동,37.467325,37.477325,126.868555,126.878555,37.472325,126.873555
11170540,11,서울특별시,170,구로구,540,구로3동,37.467158,37.477158,126.883442,126.893442,37.472158,126.888442
11170550,11,서울특별시,170,구로구,550,구로4동,37.465712,37.475712,126.897265,126.907265,37.470712,126.902265
11170560,11,서울특별시,170,구로구,560,구로5동,37.480301,37.490301,126.856591,126.866591,37.485301,126.861591
11170610,11,서울특별시,170,구로구,610,고척1동,37.477881,37.487881,126.871259,126.881259,37.482881,126.876259
11170620,11,서울특별시,170,구로구,620,고척2동,37.478842,37.488842,126.880631,126.890631,37.483842,126.885631
11170640,11,서울특별시,170,구로구,640,개봉2동,37.476005,37.486005,126.892983,126.902983,37.481005,126.897983
11170650,11,서울특별시,170,구로구,650,개봉3동,37.489096,37.499096,126.859683,126.869683,37.494096,126.864683
11170670,11,서울특별시,170,구로구,670,오류1동,37.490178,37.500178,126.872295,126.882295,37.495178,126.877295
11170690,11,서울특별시,170,구로구,690,수궁동,37.492020,37.502020,126.884185,126.894185,37.497020,126.889185
11170700,11,서울특별시,170,구로구,700,가리봉동,37.492829,37.502829,126.896467,126.906467,37.497829,126.901467
11170710,11,서울특별시,170,구로구,710,구로2동,37.501818,37.511818,126.858470,126.868470,37.506818,126.863470
11170720,11,서울특별시,170,구로구,720,개봉1동,37.502790,37.512790,126.872310,126.882310,37.507790,126.877310
11170730,11,서울특별시,170,구로구,730,오류2동,37.505402,37.515402,126.881954,126.891954,37.510402,126.886954
11170740,11,서울특별시,170,구로구,740,항동,37.500815,37.510815,126.893850,126.903850,37.505815,126.898850
11180510,11,서울특별시,180,금천구,510,가산동,37.434206,37.442206,126.872224,126.880224,37.438206,126.876224
11180520,11,서울특별시,180,금천구,520,독산1동,37.434350,37.442350,126.880039,126.888039,37.438350,126.884039
11180530,11,서울특별시,180,금천구,530,독산2동,37.432482,37.440482,126.891565,126.899565,37.436482,126.895565
11180540,11,서울특별시,180,금천구,540,독산3동,37.432427,37.440427,126.900960,126.908960,37.436427,126.904960
11180550,11,서울특별시,180,금천구,550,독산4동,37.443339,37.451339,126.870197,126.878197,37.447339,126.874197
11180570,11,서울특별시,180,금천구,570,시흥1동,37.442879,37.450879,126.883104,126.891104,37.446879,126.887104
11180580,11,서울특별시,180,금천구,580,시흥2동,37.444729,37.452729,126.893328,126.901328,37.448729,126.897328
11180590,11,서울특별시,180,금천구,590,시흥3동,37.442664,37.450664,126.902568,126.910568,37.446664,126.906568
11180600,11,서울특별시,180,금천구,600,시흥4동,37.452164,37.460164,126.872347,126.880347,37.456164,126.876347
11180610,11,서울특별시,180,금천구,610,시흥5동,37.450526,37.458526,126.879112,126.887112,37.454526,126.883112
11190540,11,서울특별시,190,영등포구,540,여의동,37.497208,37.505208,126.864712,126.872712,37.501208,126.868712
11190550,11,서울특별시,190,영등포구,550,당산1동,37.497737,37.505737,126.875374,126.883374,37.501737,126.879374
11190560,11,서울특별시,190,영등포구,560,당산2동,37.497146,37.505146,126.889604,126.897604,37.501146,126.893604
11190610,11,서울특별시,190,영등포구,610,양평1동,37.499621,37.507621,126.896148,126.904148,37.503621,126.900148
11190620,11,서울특별시,190,영등포구,620,양평2동,37.497481,37.505481,126.905389,126.913389,37.501481,126.909389
11190630,11,서울특별시,190,영등포구,630,신길1동,37.508218,37.516218,126.866002,126.874002,37.512218,126.870002
11190650,11,서울특별시,190,영등포구,650,신길3동,37.506686,37.514686,126.876630,126.884630,37.510686,126.880630
11190660,11,서울특별시,190,영등포구,660,신길4동,37.507933,37.515933,126.886653,126.894653,37.511933,126.890653
11190670,11,서울특별시,190,영등포구,670,신길5동,37.506851,37.514851,126.894921,126.902921,37.510851,126.898921
11190680,11,서울특별시,190,영등포구,680,신길6동,37.505083,37.513083,126.909640,126.917640,37.509083,126.913640
11190690,11,서울특별시,190,영등포구,690,신길7동,37.515595,37.523595,126.868812,126.876812,37.519595,126.872812
11190700,11,서울특별시,190,영등포구,700,대림1동,37.515670,37.523670,126.875002,126.883002,37.519670,126.879002
11190710,11,서울특별시,190,영등포구,710,대림2동,37.518281,37.526281,126.886755,126.894755,37.522281,126.890755
11190720,11,서울특별시,190,영등포구,720,대림3동,37.516635,37.524635,126.896933,126.904933,37.520635,126.900933
11190730,11,서울특별시,190,영등포구,730,영등포본동,37.519183,37.527183,126.908375,126.916375,37.523183,126.912375
11190740,11,서울특별시,190,영등포구,740,영등포동,37.525397,37.533397,126.865669,126.873669,37.529397,126.869669
11190750,11,서울특별시,190,영등포구,750,도림동,37.528286,37.536286,126.879093,126.887093,37.532286,126.883093
11190760,11,서울특별시,190,영등포구,760,문래동,37.525761,37.533761,126.886675,126.894675,37.529761,126.890675
11200520,11,서울특별시,200,동작구,520,노량진2동,37.481836,37.491836,126.910544,126.920544,37.486836,126.915544
11200530,11,서울특별시,200,동작구,530,상도1동,37.481642,37.491642,126.922646,126.932646,37.486642,126.927646
11200540,11,서울특별시,200,동작구,540,상도2동,37.481171,37.491171,126.934582,126.944582,37.486171,126.939582
11200550,11,서울특별시,200,동작구,550,상도3동,37.484631,37.494631,126.944842,126.954842,37.489631,126.949842
11200560,11,서울특별시,200,동작구,560,상도4동,37.495254,37.505254,126.910694,126.920694,37.500254,126.915694
11200630,11,서울특별시,200,동작구,630,사당1동,37.494296,37.504296,126.919794,126.929794,37.499296,126.924794
11200650,11,서울특별시,200,동작구,650,사당3동,37.493646,37.503646,126.936455,126.946455,37.498646,126.941455
11200660,11,서울특별시,200,동작구,660,사당4동,37.494100,37.504100,126.945462,126.955462,37.499100,126.950462
11200670,11,서울특별시,200,동작구,670,사당5동,37.507438,37.517438,126.909327,126.919327,37.512438,126.914327
11200680,11,서울특별시,200,동작구,680,대방동,37.509849,37.519849,126.921683,126.931683,37.514849,126.926683
11200690,11,서울특별시,200,동작구,690,신대방1동,37.509705,37.519705,126.936195,126.946195,37.514705,126.941195
11200700,11,서울특별시,200,동작구,700,신대방2동,37.505717,37.515717,126.948455,126.958455,37.510717,126.953455
11200710,11,서울특별시,200,동작구,710,흑석동,37.517921,37.527921,126.908759,126.918759,37.522921,126.913759
11200720,11,서울특별시,200,동작구,720,노량진1동,37.517530,37.527530,126.921620,126.931620,37.522530,126.926620
11200730,11,서울특별시,200,동작구,730,사당2동,37.519420,37.529420,126.933494,126.943494,37.524420,126.938494
11210520,11,서울특별시,210,관악구,520,보라매동,37.442024,37.451624,126.916549,126.926149,37.446824,126.921349
11210540,11,서울특별시,210,관악구,540,청림동,37.444658,37.454258,126.930418,126.940018,37.449458,126.935218
11210570,11,서울특별시,210,관악구,570,행운동,37.441640,37.451240,126.940156,126.949756,37.446440,126.944956
11210580,11,서울특별시,210,관악구,580,낙성대동,37.445005,37.454605,126.951219,126.960819,37.449805,126.956019
11210610,11,서울특별시,210,관악구,610,중앙동,37.442853,37.452453,126.965931,126.975531,37.447653,126.970731
11210620,11,서울특별시,210,관악구,620,인헌동,37.458040,37.467640,126.917266,126.926866,37.462840,126.922066
11210630,11,서울특별시,210,관악구,630,남현동,37.454551,37.464151,126.928766,126.938366,37.459351,126.933566
11210640,11,서울특별시,210,관악구,640,서원동,37.455911,37.465511,126.941570,126.951170,37.460711,126.946370
11210650,11,서울특별시,210,관악구,650,신원동,37.453609,37.463209,126.952526,126.962126,37.458409,126.957326
11210660,11,서울특별시,210,관악구,660,서림동,37.456937,37.466537,126.965532,126.975132,37.461737,126.970332
11210680,11,서울특별시,210,관악구,680,신사동,37.467106,37.476706,126.916859,126.926459,37.471906,126.921659
11210690,11,서울특별시,210,관악구,690,신림동,37.469606,37.479206,126.929219,126.938819,37.474406,126.934019
11210710,11,서울특별시,210,관악구,710,난향동,37.466489,37.476089,126.941176,126.950776,37.471289,126.945976
11210720,11,서울특별시,210,관악구,720,조원동,37.466669,37.476269,126.955151,126.964751,37.471469,126.959951
11210730,11,서울특별시,210,관악구,730,대학동,37.467719,37.477319,126.964116,126.973716,37.472519,126.968916
11210780,11,서울특별시,210,관악구,780,은천동,37.479492,37.489092,126.918657,126.928257,37.484292,126.923457
11210790,11,서울특별시,210,관악구,790,성현동,37.477328,37.486928,126.930682,126.940282,37.482128,126.935482
11210800,11,서울특별시,210,관악구,800,청룡동,37.481338,37.490938,126.940820,126.950420,37.486138,126.945620
11210810,11,서울특별시,210,관악구,810,난곡동,37.481714,37.491314,126.951830,126.961430,37.486514,126.956630
11210820,11,서울특별시,210,관악구,820,삼성동,37.477259,37.486859,126.966926,126.976526,37.482059,126.971726
11210830,11,서울특별시,210,관악구,830,미성동,37.490201,37.499801,126.918516,126.928116,37.495001,126.923316
11220510,11,서울특별시,220,서초구,510,서초1동,37.448848,37.458448,126.999361,127.008961,37.453648,127.004161
11220520,11,서울특별시,220,서초구,520,서초2동,37.450743,37.460343,127.011476,127.021076,37.455543,127.016276
11220530,11,서울특별시,220,서초구,530,서초3동,37.448475,37.458075,127.020563,127.030163,37.453275,127.025363
11220540,11,서울특별시,220,서초구,540,서초4동,37.449988,37.459588,127.031895,127.041495,37.454788,127.036695
11220550,11,서울특별시,220,서초구,550,잠원동,37.449210,37.458810,127.043701,127.053301,37.454010,127.048501
11220560,11,서울특별시,220,서초구,560,반포본동,37.458448,37.468048,126.998419,127.008019,37.463248,127.003219
11220570,11,서울특별시,220,서초구,570,반포1동,37.462870,37.472470,127.009024,127.018624,37.467670,127.013824
11220580,11,서울특별시,220,서초구,580,반포2동,37.459913,37.469513,127.019309,127.028909,37.464713,127.024109
11220590,11,서울특별시,220,서초구,590,반포3동,37.459589,37.469189,127.034940,127.044540,37.464389,127.039740
11220600,11,서울특별시,220,서초구,600,반포4동,37.461984,37.471584,127.047733,127.057333,37.466784,127.052533
11220610,11,서울특별시,220,서초구,610,방배본동,37.475317,37.484917,126.999098,127.008698,37.480117,127.003898
11220620,11,서울특별시,220,서초구,620,방배1동,37.473338,37.482938,127.008172,127.017772,37.478138,127.012972
11220630,11,서울특별시,220,서초구,630,방배2동,37.471437,37.481037,127.019265,127.028865,37.476237,127.024065
11220640,11,서울특별시,220,서초구,640,방배3동,37.471823,37.481423,127.035908,127.045508,37.476623,127.040708
11220650,11,서울특별시,220,서초구,650,방배4동,37.474555,37.484155,127.044862,127.054462,37.479355,127.049662
11220660,11,서울특별시,220,서초구,660,양재1동,37.485582,37.495182,126.997109,127.006709,37.490382,127.001909
11220670,11,서울특별시,220,서초구,670,양재2동,37.486618,37.496218,127.011580,127.021180,37.491418,127.016380
11220680,11,서울특별시,220,서초구,680,내곡동,37.483588,37.493188,127.019460,127.029060,37.488388,127.024260
11230510,11,서울특별시,230,강남구,510,신사동,37.476106,37.487306,127.006759,127.017959,37.481706,127.012359
11230511,11,서울특별시,230,강남구,511,개포3동,37.474846,37.486046,127.021330,127.032530,37.480446,127.026930
11230520,11,서울특별시,230,강남구,520,논현1동,37.477752,37.488952,127.033248,127.044448,37.483352,127.038848
11230530,11,서울특별시,230,강남구,530,논현2동,37.474632,37.485832,127.046608,127.057808,37.480232,127.052208
11230580,11,서울특별시,230,강남구,580,삼성1동,37.477001,37.488201,127.062313,127.073513,37.482601,127.067913
11230590,11,서울특별시,230,강남구,590,삼성2동,37.488246,37.499446,127.006937,127.018137,37.493846,127.012537
11230600,11,서울특별시,230,강남구,600,대치1동,37.488159,37.499359,127.022605,127.033805,37.493759,127.028205
11230630,11,서울특별시,230,강남구,630,대치4동,37.490363,37.501563,127.036710,127.047910,37.495963,127.042310
11230640,11,서울특별시,230,강남구,640,역삼1동,37.489699,37.500899,127.048153,127.059353,37.495299,127.053753
11230650,11,서울특별시,230,강남구,650,역삼2동,37.488746,37.499946,127.063614,127.074814,37.494346,127.069214
11230660,11,서울특별시,230,강남구,660,도곡1동,37.503477,37.514677,127.005735,127.016935,37.509077,127.011335
11230670,11,서울특별시,230,강남구,670,도곡2동,37.502958,37.514158,127.022854,127.034054,37.508558,127.028454
11230680,11,서울특별시,230,강남구,680,개포1동,37.504069,37.515269,127.035360,127.046560,37.509669,127.040960
11230710,11,서울특별시,230,강남구,710,개포4동,37.504729,37.515929,127.050090,127.061290,37.510329,127.055690
11230720,11,서울특별시,230,강남구,720,일원본동,37.507023,37.518223,127.063918,127.075118,37.512623,127.069518
11230730,11,서울특별시,230,강남구,730,일원1동,37.519982,37.531182,127.007572,127.018772,37.525582,127.013172
11230750,11,서울특별시,230,강남구,750,수서동,37.517353,37.528553,127.022893,127.034093,37.522953,127.028493
11230760,11,서울특별시,230,강남구,760,세곡동,37.520355,37.531555,127.035061,127.046261,37.525955,127.040661
11230770,11,서울특별시,230,강남구,770,압구정동,37.517349,37.528549,127.047879,127.059079,37.522949,127.053479
11230780,11,서울특별시,230,강남구,780,청담동,37.519903,37.531103,127.062711,127.073911,37.525503,127.068311
11230790,11,서울특별시,230,강남구,790,대치2동,37.532746,37.543946,127.005088,127.016288,37.538346,127.010688
11230800,11,서울특별시,230,강남구,800,개포2동,37.534544,37.545744,127.019416,127.030616,37.540144,127.025016
11240510,11,서울특별시,240,송파구,510,풍납1동,37.473997,37.483330,127.068239,127.077572,37.478663,127.072905
11240520,11,서울특별시,240,송파구,520,풍납2동,37.475115,37.484448,127.077827,127.087160,37.479781,127.082494
11240530,11,서울특별시,240,송파구,530,거여1동,37.472631,37.481965,127.090123,127.099456,37.477298,127.094790
11240540,11,서울특별시,240,송파구,540,거여2동,37.474513,37.483846,127.100295,127.109628,37.479179,127.104961
11240550,11,서울특별시,240,송파구,550,마천1동,37.473814,37.483147,127.115282,127.124615,37.478481,127.119948
11240560,11,서울특별시,240,송파구,560,마천2동,37.474288,37.483621,127.122834,127.132167,37.478954,127.127500
11240570,11,서울특별시,240,송파구,570,방이1동,37.485026,37.494359,127.068652,127.077985,37.489692,127.073318
11240580,11,서울특별시,240,송파구,580,방이2동,37.484937,37.494271,127.078430,127.087763,37.489604,127.083096
11240590,11,서울특별시,240,송파구,590,오륜동,37.488834,37.498168,127.088556,127.097890,37.493501,127.093223
11240600,11,서울특별시,240,송파구,600,오금동,37.487726,37.497059,127.101044,127.110377,37.492393,127.105711
11240610,11,서울특별시,240,송파구,610,송파1동,37.484153,37.493486,127.113249,127.122582,37.488819,127.117915
11240620,11,서울특별시,240,송파구,620,송파2동,37.484684,37.494017,127.124205,127.133539,37.489351,127.128872
11240630,11,서울특별시,240,송파구,630,석촌동,37.500328,37.509662,127.068486,127.077819,37.504995,127.073152
11240640,11,서울특별시,240,송파구,640,삼전동,37.498135,37.507468,127.077531,127.086865,37.502801,127.082198
11240650,11,서울특별시,240,송파구,650,가락본동,37.497782,37.507115,127.090612,127.099945,37.502449,127.095279
11240660,11,서울특별시,240,송파구,660,가락1동,37.499548,37.508881,127.101149,127.110482,37.504215,127.105816
11240670,11,서울특별시,240,송파구,670,가락2동,37.497474,37.506808,127.112144,127.121478,37.502141,127.116811
11240680,11,서울특별시,240,송파구,680,문정1동,37.498471,37.507804,127.122182,127.131516,37.503137,127.126849
11240690,11,서울특별시,240,송파구,690,문정2동,37.508620,37.517954,127.067981,127.077315,37.513287,127.072648
11240710,11,서울특별시,240,송파구,710,잠실본동,37.509649,37.518982,127.077272,127.086605,37.514315,127.081939
11240750,11,서울특별시,240,송파구,750,잠실4동,37.507838,37.517171,127.088903,127.098237,37.512504,127.093570
11240770,11,서울특별시,240,송파구,770,잠실6동,37.510796,37.520130,127.101442,127.110775,37.515463,127.106109
11240780,11,서울특별시,240,송파구,780,잠실7동,37.509306,37.518639,127.111139,127.120472,37.513973,127.115806
11240790,11,서울특별시,240,송파구,790,잠실2동,37.507419,37.516752,127.122587,127.131920,37.512085,127.127253
11240800,11,서울특별시,240,송파구,800,잠실3동,37.523266,37.532600,127.064940,127.074273,37.527933,127.069607
11240810,11,서울특별시,240,송파구,810,장지동,37.523110,37.532443,127.076035,127.085369,37.527776,127.080702
11240820,11,서울특별시,240,송파구,820,위례동,37.522841,37.532174,127.087819,127.097153,37.527507,127.092486
11250530,11,서울특별시,250,강동구,530,명일1동,37.496712,37.506312,127.091271,127.100871,37.501512,127.096071
11250540,11,서울특별시,250,강동구,540,명일2동,37.494909,37.504509,127.101276,127.110876,37.499709,127.106076
11250550,11,서울특별시,250,강동구,550,고덕1동,37.497485,37.507085,127.114073,127.123673,37.502285,127.118873
11250560,11,서울특별시,250,강동구,560,고덕2동,37.496721,37.506321,127.127290,127.136890,37.501521,127.132090
11250580,11,서울특별시,250,강동구,580,암사2동,37.496535,37.506135,127.139371,127.148971,37.501335,127.144171
11250590,11,서울특별시,250,강동구,590,암사3동,37.508985,37.518585,127.090267,127.099867,37.513785,127.095067
11250610,11,서울특별시,250,강동구,610,천호1동,37.505046,37.514646,127.100344,127.109944,37.509846,127.105144
11250630,11,서울특별시,250,강동구,630,천호3동,37.507798,37.517398,127.111086,127.120686,37.512598,127.115886
11250650,11,서울특별시,250,강동구,650,성내1동,37.508448,37.518048,127.125309,127.134909,37.513248,127.130109
11250660,11,서울특별시,250,강동구,660,성내2동,37.508363,37.517963,127.135730,127.145330,37.513163,127.140530
11250670,11,서울특별시,250,강동구,670,성내3동,37.519908,37.529508,127.090123,127.099723,37.524708,127.094923
11250700,11,서울특별시,250,강동구,700,둔촌1동,37.518152,37.527752,127.103004,127.112604,37.522952,127.107804
11250710,11,서울특별시,250,강동구,710,둔촌2동,37.519853,37.529453,127.114444,127.124044,37.524653,127.119244
11250720,11,서울특별시,250,강동구,720,암사1동,37.516981,37.526581,127.123302,127.132902,37.521781,127.128102
11250730,11,서울특별시,250,강동구,730,천호2동,37.519314,37.528914,127.138495,127.148095,37.524114,127.143295
11250740,11,서울특별시,250,강동구,740,길동,37.532179,37.541779,127.088127,127.097727,37.536979,127.092927
11250750,11,서울특별시,250,강동구,750,강일동,37.531928,37.541528,127.100000,127.109600,37.536728,127.104800
11250760,11,서울특별시,250,강동구,760,상일1동,37.529364,37.538964,127.115155,127.124755,37.534164,127.119955
11250770,11,서울특별시,250,강동구,770,상일2동,37.533587,37.543187,127.123181,127.132781,37.538387,127.127981
